Workbook

Sheet How to Use
A1: OFFICE TROLL - GAME DESIGN PROJECT PLAN
A2: Last updated: July 19, 2026 | Team: Sechaba, Latita, Sandile, Sufyaan
A3: Dashboard — High-level KPIs, phase gates, weekly focus.
A4: Master Schedule — Original timeline + Gantt; add owners, status, deliverables per row.
A5: Task Tracker — Break parent tasks into subtasks for daily/sprint work.
A6: Deliverables — Formal outputs, versions, submission links.
A7: Team & RACI — Who does what; R/A/C/I per workstream.
A8: Design Doc Tracker — GDD section completion checklist.
A9: Asset Pipeline — Art/audio/UI asset status through review.
A10: Playtest Log — Sessions, bugs, severity, fix tracking.
A11: Risks & Issues — Proactive risks + active blockers.
A12: Meeting Notes — Standups, design reviews, decisions.
... A29: • Risks & Issues — raise early; assign Owner from team list.

Sheet Project Setup
A1: PROJECT SETUP — edit yellow cells only
A3: Game / Working Title | B3: Office troll
A4: Project / Course Name | B4: Game Design Capstone - Project Plan
A5: Engine / Platform | B5: Unity 6 / Windows PC
A6: Build / Repo Link | B6: https://github.com/sufyaanAlbertus/Work_Integrated_Learning_OfficeTroll.git
A7: Arc / Submission Link | B7: https://arc.yourschool.edu (PoE upload)
A8: Project Lead | B8: Sechaba
A10: Team Member (dropdown source)
B11: Sechaba
B12: Latita
B13: Sandile
B14: Sufyaan
A15: Tip: Names in rows 11–18 appear in Owner/Assignee dropdowns on other sheets.

Sheet Dashboard
A1: PROJECT DASHBOARD
A3: Overall Progress | B3: =AVERAGE('Master Schedule'!F10:F23) -> 0.60357143 | D3: Phase 1 Progress | E3: =AVERAGEIF('Master Schedule'!G10:G23,"Phase 1",'Master Schedule'!F10:F23) -> 1
A4: Tasks Complete | B4: =COUNTIF('Master Schedule'!K10:K23,"Complete") -> 4 | D4: Phase 2 Progress | E4: =AVERAGEIF('Master Schedule'!G10:G23,"Phase 2",'Master Schedule'!F10:F23) -> 0.74
A5: Tasks In Progress | B5: =COUNTIF('Master Schedule'!K10:K23,"In Progress") -> 5 | D5: Phase 3 Progress | E5: =AVERAGEIF('Master Schedule'!G10:G23,"Phase 3",'Master Schedule'!F10:F23) -> 0.15
A6: Tasks Blocked | B6: =COUNTIF('Master Schedule'!K10:K23,"Blocked") -> 0 | D6: Design Discipline % | E6: =AVERAGEIF('Master Schedule'!H10:H23,"Design",'Master Schedule'!F10:F23) -> 0.91666667
A7: Est. Hours (Total) | B7: =SUM('Master Schedule'!Q10:Q23) -> 232 | D7: Art Discipline % | E7: =AVERAGEIF('Master Schedule'!H10:H23,"Art",'Master Schedule'!F10:F23) -> 0.7
A8: Actual Hours (Total) | B8: =SUM('Master Schedule'!R10:R23) -> 156 | D8: Next Milestone Due
A9: Days Until Due | B9: ='Master Schedule'!E6 -> -74
A10: Weeks in Progress | B10: ='Master Schedule'!B6 -> 24.714286
A12: PHASE CHECKLIST
A13: Phase | B13: Key Gate | C13: Target Date | D13: Owner | E13: Status | F13: Evidence Link
A14: Phase 1 | B14: Research + 2 concepts approved | C14: ='Master Schedule'!D13 -> 46101 | E14: Sechaba | F14: Complete
A15: Phase 2 | B15: GDD + UI + assets draft complete | C15: ='Master Schedule'!D17 -> 46129 | E15: Latita | F15: In Progress
A16: Phase 3 | B16: Playable vertical slice | C16: ='Master Schedule'!D18 -> 46136 | E16: Sufyaan | F16: In Progress
A17: Submission | B17: Final PoE on Arc | C17: ='Master Schedule'!D23 -> 46171 | E17: Sechaba | F17: Not Started
A19: WEEKLY FOCUS (update each standup)
A20: Week Of | B20: Top 3 Goals | C20: Risks | D20: Decisions Needed
B21: 46168 | C21: Lock GDD v1.0; unblock greybox; playtest #2 | D21: Art bandwidth; build instability on lab PCs | E21: Final concept (Concept A vs B)

Sheet Master Schedule
A1: GAME DESIGN PROJECT PLAN
A2: Project Name | B2: ='Project Setup'!B4 -> Game Design Capstone - Project Plan | D2: Game / Working Title | E2: ='Project Setup'!B3 -> Office troll
A3: Project Start | B3: 46080 | D3: Target Ship / Due Date | E3: 46179
A4: Current Date | B4: =TODAY() -> 46253 | D4: Engine / Platform | E4: ='Project Setup'!B5 -> Unity 6 / Windows PC
A5: Project Lead | B5: ='Project Setup'!B8 -> Sechaba | D5: Build / Repo Link | E5: ='Project Setup'!B6 -> https://github.com/sufyaanAlbertus/Work_Integrated_Learning_OfficeTroll.git
A6: Weeks in Progress | B6: =(B4-B3)/7 -> 24.714286 | D6: Days Until Due | E6: =E3-B4 -> -74
T8: =B3 -> 46080 | U8: =T8+7 -> 46087 | V8: =U8+7 -> 46094 | W8: =V8+7 -> 46101 | X8: =W8+7 -> 46108 | Y8: =X8+7 -> 46115 | Z8: =Y8+7 -> 46122 | AA8: =Z8+7 -> 46129 | AB8: =AA8+7 -> 46136 | ... AG8: =AF8+7 -> 46171
A9: Task | B9: Start Date | C9: Duration (Days) | D9: End Date | E9: Remaining Days | F9: Progress | G9: Phase | H9: Discipline | I9: Owner | J9: Priority | K9: Status | L9: % Complete | M9: Depends On | N9: Deliverable / Output | O9: Acceptance Criteria | P9: Tools / Location | Q9: Est. Hours | R9: Actual Hours | S9: Blockers / Notes | T9: 1 | U9: =T9+1 -> 2 | V9: =U9+1 -> 3 | W9: =V9+1 -> 4 | X9: =W9+1 -> 5 | Y9: =X9+1 -> 6 | Z9: =Y9+1 -> 7 | AA9: =Z9+1 -> 8 | AB9: =AA9+1 -> 9 | ... AG9: =AF9+1 -> 14
A10: Task 1: Ideation & Research Report | B10: 46080 | C10: 7 | D10: 46084 | E10: =D10-B10 -> 4 | F10: 1 | G10: Phase 1 | H10: Production | I10: Sechaba | J10: Medium | K10: Complete | L10: =F10 -> 1 | M10: - | N10: Ideation report with 2 concepts + research | O10: Clear problem statement; cites 3+ sources; team sign-off | P10: Arc / Drive / Repo | Q10: 16 | R10: 16 | T10: =IF(AND($T$8>=$B10,$T$8<=$D10),"█","") -> █ | U10: =IF(AND($U$8>=$B10,$U$8<=$D10),"█","") | V10: =IF(AND($V$8>=$B10,$V$8<=$D10),"█","") | W10: =IF(AND($W$8>=$B10,$W$8<=$D10),"█","") | X10: =IF(AND($X$8>=$B10,$X$8<=$D10),"█","") | Y10: =IF(AND($Y$8>=$B10,$Y$8<=$D10),"█","") | Z10: =IF(AND($Z$8>=$B10,$Z$8<=$D10),"█","") | AA10: =IF(AND($AA$8>=$B10,$AA$8<=$D10),"█","") | AB10: =IF(AND($AB$8>=$B10,$AB$8<=$D10),"█","") | AC10: =IF(AND($AC$8>=$B10,$AC$8<=$D10),"█","") | AD10: =IF(AND($AD$8>=$B10,$AD$8<=$D10),"█","") | AE10: =IF(AND($AE$8>=$B10,$AE$8<=$D10),"█","") | AF10: =IF(AND($AF$8>=$B10,$AF$8<=$D10),"█","") | AG10: =IF(AND($AG$8>=$B10,$AG$8<=$D10),"█","")
A11: - Research & Root Cause Analysis | B11: =B10+5 -> 46085 | C11: 3 | D11: =D10+3 -> 46087 | E11: =D11-B11 -> 2 | F11: 1 | G11: Phase 1 | H11: Research | I11: Latita | J11: Low | K11: Complete | L11: =F11 -> 1 | M11: Task 1 kickoff | N11: Root cause / market research summary | O11: RCA diagram; competitor table; player persona draft | P11: Arc / Drive / Repo | Q11: 8 | R11: 8 | T11: =IF(AND($T$8>=$B11,$T$8<=$D11),"█","") | U11: =IF(AND($U$8>=$B11,$U$8<=$D11),"█","") -> █ | V11: =IF(AND($V$8>=$B11,$V$8<=$D11),"█","") | W11: =IF(AND($W$8>=$B11,$W$8<=$D11),"█","") | X11: =IF(AND($X$8>=$B11,$X$8<=$D11),"█","") | Y11: =IF(AND($Y$8>=$B11,$Y$8<=$D11),"█","") | Z11: =IF(AND($Z$8>=$B11,$Z$8<=$D11),"█","") | AA11: =IF(AND($AA$8>=$B11,$AA$8<=$D11),"█","") | AB11: =IF(AND($AB$8>=$B11,$AB$8<=$D11),"█","") | AC11: =IF(AND($AC$8>=$B11,$AC$8<=$D11),"█","") | AD11: =IF(AND($AD$8>=$B11,$AD$8<=$D11),"█","") | AE11: =IF(AND($AE$8>=$B11,$AE$8<=$D11),"█","") | AF11: =IF(AND($AF$8>=$B11,$AF$8<=$D11),"█","") | AG11: =IF(AND($AG$8>=$B11,$AG$8<=$D11),"█","")
A12: - Ideation (Two Game Concepts) | B12: =B11+5 -> 46090 | C12: 2 | D12: =D11+7 -> 46094 | E12: =D12-B12 -> 4 | F12: 1 | G12: Phase 1 | H12: Design | I12: Latita | J12: Low | K12: Complete | L12: =F12 -> 1 | M12: Research (row 11) | N12: Two pitch-ready game concepts (1-pagers) | O12: Each concept: hook, genre, core loop, unique selling point | P12: Arc / Drive / Repo | Q12: 6 | R12: 6 | T12: =IF(AND($T$8>=$B12,$T$8<=$D12),"█","") | U12: =IF(AND($U$8>=$B12,$U$8<=$D12),"█","") | V12: =IF(AND($V$8>=$B12,$V$8<=$D12),"█","") -> █ | W12: =IF(AND($W$8>=$B12,$W$8<=$D12),"█","") | X12: =IF(AND($X$8>=$B12,$X$8<=$D12),"█","") | Y12: =IF(AND($Y$8>=$B12,$Y$8<=$D12),"█","") | Z12: =IF(AND($Z$8>=$B12,$Z$8<=$D12),"█","") | AA12: =IF(AND($AA$8>=$B12,$AA$8<=$D12),"█","") | AB12: =IF(AND($AB$8>=$B12,$AB$8<=$D12),"█","") | AC12: =IF(AND($AC$8>=$B12,$AC$8<=$D12),"█","") | AD12: =IF(AND($AD$8>=$B12,$AD$8<=$D12),"█","") | AE12: =IF(AND($AE$8>=$B12,$AE$8<=$D12),"█","") | AF12: =IF(AND($AF$8>=$B12,$AF$8<=$D12),"█","") | AG12: =IF(AND($AG$8>=$B12,$AG$8<=$D12),"█","")
A13: - Final Task 1 Report Submission | B13: =B12+5 -> 46095 | C13: 5 | D13: =D12+7 -> 46101 | E13: =D13-B13 -> 6 | F13: 1 | G13: Phase 1 | H13: Documentation | I13: Sechaba | J13: High | K13: Complete | L13: =F13 -> 1 | M13: Ideation (row 12) | N13: Task 1 final report (submitted) | O13: Meets rubric; submitted on time | P13: Arc / Drive / Repo | Q13: 10 | R13: 10 | S13: Submitted on Arc | T13: =IF(AND($T$8>=$B13,$T$8<=$D13),"█","") | U13: =IF(AND($U$8>=$B13,$U$8<=$D13),"█","") | V13: =IF(AND($V$8>=$B13,$V$8<=$D13),"█","") | W13: =IF(AND($W$8>=$B13,$W$8<=$D13),"█","") -> █ | X13: =IF(AND($X$8>=$B13,$X$8<=$D13),"█","") | Y13: =IF(AND($Y$8>=$B13,$Y$8<=$D13),"█","") | Z13: =IF(AND($Z$8>=$B13,$Z$8<=$D13),"█","") | AA13: =IF(AND($AA$8>=$B13,$AA$8<=$D13),"█","") | AB13: =IF(AND($AB$8>=$B13,$AB$8<=$D13),"█","") | AC13: =IF(AND($AC$8>=$B13,$AC$8<=$D13),"█","") | AD13: =IF(AND($AD$8>=$B13,$AD$8<=$D13),"█","") | AE13: =IF(AND($AE$8>=$B13,$AE$8<=$D13),"█","") | AF13: =IF(AND($AF$8>=$B13,$AF$8<=$D13),"█","") | AG13: =IF(AND($AG$8>=$B13,$AG$8<=$D13),"█","")
A14: Task 2: Game Design & Assets | B14: =B13+5 -> 46100 | C14: 12 | D14: =D13+7 -> 46108 | E14: =D14-B14 -> 8 | F14: 0.85 | G14: Phase 2 | H14: Design | I14: Sechaba | J14: Medium | K14: In Review | L14: =F14 -> 0.85 | M14: Task 1 report (row 13) | N14: Core loop doc + mechanics spec | O14: Loop diagram; input map; win/lose conditions documented | P14: Arc / Drive / Repo | Q14: 24 | R14: 20 | T14: =IF(AND($T$8>=$B14,$T$8<=$D14),"█","") | U14: =IF(AND($U$8>=$B14,$U$8<=$D14),"█","") | V14: =IF(AND($V$8>=$B14,$V$8<=$D14),"█","") | W14: =IF(AND($W$8>=$B14,$W$8<=$D14),"█","") -> █ | X14: =IF(AND($X$8>=$B14,$X$8<=$D14),"█","") -> █ | Y14: =IF(AND($Y$8>=$B14,$Y$8<=$D14),"█","") | Z14: =IF(AND($Z$8>=$B14,$Z$8<=$D14),"█","") | AA14: =IF(AND($AA$8>=$B14,$AA$8<=$D14),"█","") | AB14: =IF(AND($AB$8>=$B14,$AB$8<=$D14),"█","") | AC14: =IF(AND($AC$8>=$B14,$AC$8<=$D14),"█","") | AD14: =IF(AND($AD$8>=$B14,$AD$8<=$D14),"█","") | AE14: =IF(AND($AE$8>=$B14,$AE$8<=$D14),"█","") | AF14: =IF(AND($AF$8>=$B14,$AF$8<=$D14),"█","") | AG14: =IF(AND($AG$8>=$B14,$AG$8<=$D14),"█","")
A15: - Core Gameplay & Mechanics Design | B15: =B14+5 -> 46105 | C15: 17 | D15: =D14+7 -> 46115 | E15: =D15-B15 -> 10 | F15: 0.9 | G15: Phase 2 | H15: Design | I15: Latita | J15: Low | K15: In Review | L15: =F15 -> 0.9 | M15: Task 2 kickoff (row 14) | N15: UI wireframes / mockups | O15: All screens listed; navigation flow; accessibility notes | P15: Arc / Drive / Repo | Q15: 40 | R15: 36 | T15: =IF(AND($T$8>=$B15,$T$8<=$D15),"█","") | U15: =IF(AND($U$8>=$B15,$U$8<=$D15),"█","") | V15: =IF(AND($V$8>=$B15,$V$8<=$D15),"█","") | W15: =IF(AND($W$8>=$B15,$W$8<=$D15),"█","") | X15: =IF(AND($X$8>=$B15,$X$8<=$D15),"█","") -> █ | Y15: =IF(AND($Y$8>=$B15,$Y$8<=$D15),"█","") -> █ | Z15: =IF(AND($Z$8>=$B15,$Z$8<=$D15),"█","") | AA15: =IF(AND($AA$8>=$B15,$AA$8<=$D15),"█","") | AB15: =IF(AND($AB$8>=$B15,$AB$8<=$D15),"█","") | AC15: =IF(AND($AC$8>=$B15,$AC$8<=$D15),"█","") | AD15: =IF(AND($AD$8>=$B15,$AD$8<=$D15),"█","") | AE15: =IF(AND($AE$8>=$B15,$AE$8<=$D15),"█","") | AF15: =IF(AND($AF$8>=$B15,$AF$8<=$D15),"█","") | AG15: =IF(AND($AG$8>=$B15,$AG$8<=$D15),"█","")
A16: - User Interface (UI) Design | B16: =B15+5 -> 46110 | C16: 6 | D16: =D15+7 -> 46122 | E16: =D16-B16 -> 12 | F16: 0.75 | G16: Phase 2 | H16: UI/UX | I16: Latita | J16: Low | K16: In Progress | L16: =F16 -> 0.75 | M16: Task 1 approved concepts | N16: Character sheets + asset list | O16: Style guide ref; export specs; naming convention followed | P16: Arc / Drive / Repo | Q16: 16 | R16: 12 | S16: Waiting on final concept pick from team review | T16: =IF(AND($T$8>=$B16,$T$8<=$D16),"█","") | U16: =IF(AND($U$8>=$B16,$U$8<=$D16),"█","") | V16: =IF(AND($V$8>=$B16,$V$8<=$D16),"█","") | W16: =IF(AND($W$8>=$B16,$W$8<=$D16),"█","") | X16: =IF(AND($X$8>=$B16,$X$8<=$D16),"█","") | Y16: =IF(AND($Y$8>=$B16,$Y$8<=$D16),"█","") -> █ | Z16: =IF(AND($Z$8>=$B16,$Z$8<=$D16),"█","") -> █ | AA16: =IF(AND($AA$8>=$B16,$AA$8<=$D16),"█","") | AB16: =IF(AND($AB$8>=$B16,$AB$8<=$D16),"█","") | AC16: =IF(AND($AC$8>=$B16,$AC$8<=$D16),"█","") | AD16: =IF(AND($AD$8>=$B16,$AD$8<=$D16),"█","") | AE16: =IF(AND($AE$8>=$B16,$AE$8<=$D16),"█","") | AF16: =IF(AND($AF$8>=$B16,$AF$8<=$D16),"█","") | AG16: =IF(AND($AG$8>=$B16,$AG$8<=$D16),"█","")
A17: - Character & Asset Creation | B17: =B16+5 -> 46115 | C17: 10 | D17: =D16+7 -> 46129 | E17: =D17-B17 -> 14 | F17: 0.7 | G17: Phase 2 | H17: Art | I17: Sandile | J17: High | K17: In Progress | L17: =F17 -> 0.7 | M17: Core mechanics draft (row 15) | N17: Task 2 final report + asset package | O17: All assets linked; GDD sections complete per checklist | P17: Arc / Drive / Repo | Q17: 32 | R17: 22 | T17: =IF(AND($T$8>=$B17,$T$8<=$D17),"█","") | U17: =IF(AND($U$8>=$B17,$U$8<=$D17),"█","") | V17: =IF(AND($V$8>=$B17,$V$8<=$D17),"█","") | W17: =IF(AND($W$8>=$B17,$W$8<=$D17),"█","") | X17: =IF(AND($X$8>=$B17,$X$8<=$D17),"█","") | Y17: =IF(AND($Y$8>=$B17,$Y$8<=$D17),"█","") -> █ | Z17: =IF(AND($Z$8>=$B17,$Z$8<=$D17),"█","") -> █ | AA17: =IF(AND($AA$8>=$B17,$AA$8<=$D17),"█","") -> █ | AB17: =IF(AND($AB$8>=$B17,$AB$8<=$D17),"█","") | AC17: =IF(AND($AC$8>=$B17,$AC$8<=$D17),"█","") | AD17: =IF(AND($AD$8>=$B17,$AD$8<=$D17),"█","") | AE17: =IF(AND($AE$8>=$B17,$AE$8<=$D17),"█","") | AF17: =IF(AND($AF$8>=$B17,$AF$8<=$D17),"█","") | AG17: =IF(AND($AG$8>=$B17,$AG$8<=$D17),"█","")
A18: - Final Task 2 Report Submission | B18: =B17+5 -> 46120 | C18: 3 | D18: =D17+7 -> 46136 | E18: =D18-B18 -> 16 | F18: 0.5 | G18: Phase 2 | H18: Documentation | I18: Sechaba | J18: Medium | K18: In Progress | L18: =F18 -> 0.5 | M18: UI + assets (rows 16-17) | N18: Playable prototype (vertical slice) | O18: 5+ min playable; no blocker bugs; build runs on target platform | P18: Arc / Drive / Repo | Q18: 8 | R18: 4 | S18: Draft due this week | T18: =IF(AND($T$8>=$B18,$T$8<=$D18),"█","") | U18: =IF(AND($U$8>=$B18,$U$8<=$D18),"█","") | V18: =IF(AND($V$8>=$B18,$V$8<=$D18),"█","") | W18: =IF(AND($W$8>=$B18,$W$8<=$D18),"█","") | X18: =IF(AND($X$8>=$B18,$X$8<=$D18),"█","") | Y18: =IF(AND($Y$8>=$B18,$Y$8<=$D18),"█","") | Z18: =IF(AND($Z$8>=$B18,$Z$8<=$D18),"█","") -> █ | AA18: =IF(AND($AA$8>=$B18,$AA$8<=$D18),"█","") -> █ | AB18: =IF(AND($AB$8>=$B18,$AB$8<=$D18),"█","") -> █ | AC18: =IF(AND($AC$8>=$B18,$AC$8<=$D18),"█","") | AD18: =IF(AND($AD$8>=$B18,$AD$8<=$D18),"█","") | AE18: =IF(AND($AE$8>=$B18,$AE$8<=$D18),"█","") | AF18: =IF(AND($AF$8>=$B18,$AF$8<=$D18),"█","") | AG18: =IF(AND($AG$8>=$B18,$AG$8<=$D18),"█","")
A19: Summative Project Submission | B19: =B18+5 -> 46125 | C19: 4 | D19: =D18+7 -> 46143 | E19: =D19-B19 -> 18 | F19: 0.4 | G19: Phase 3 | H19: Production | I19: Sechaba | J19: Medium | K19: In Progress | L19: =F19 -> 0.4 | M19: Task 2 deliverables (row 18) | N19: Refined build + changelog | O19: Playtest feedback addressed; version tagged | P19: Arc / Drive / Repo | Q19: 56 | R19: 8 | T19: =IF(AND($T$8>=$B19,$T$8<=$D19),"█","") | U19: =IF(AND($U$8>=$B19,$U$8<=$D19),"█","") | V19: =IF(AND($V$8>=$B19,$V$8<=$D19),"█","") | W19: =IF(AND($W$8>=$B19,$W$8<=$D19),"█","") | X19: =IF(AND($X$8>=$B19,$X$8<=$D19),"█","") | Y19: =IF(AND($Y$8>=$B19,$Y$8<=$D19),"█","") | Z19: =IF(AND($Z$8>=$B19,$Z$8<=$D19),"█","") | AA19: =IF(AND($AA$8>=$B19,$AA$8<=$D19),"█","") -> █ | AB19: =IF(AND($AB$8>=$B19,$AB$8<=$D19),"█","") -> █ | AC19: =IF(AND($AC$8>=$B19,$AC$8<=$D19),"█","") -> █ | AD19: =IF(AND($AD$8>=$B19,$AD$8<=$D19),"█","") | AE19: =IF(AND($AE$8>=$B19,$AE$8<=$D19),"█","") | AF19: =IF(AND($AF$8>=$B19,$AF$8<=$D19),"█","") | AG19: =IF(AND($AG$8>=$B19,$AG$8<=$D19),"█","")
A20: - Prototype Refinement | B20: =B19+5 -> 46130 | C20: 14 | D20: =D19+7 -> 46150 | E20: =D20-B20 -> 20 | F20: 0.25 | G20: Phase 3 | H20: Engineering | I20: Sufyaan | J20: Low | K20: In Progress | L20: =F20 -> 0.25 | M20: Playable prototype (row 19) | N20: Presentation deck + demo script | O20: 10–15 min presentation; live demo path tested | P20: Arc / Drive / Repo | Q20: 8 | R20: 14 | S20: Blocked until greybox build from Riley | T20: =IF(AND($T$8>=$B20,$T$8<=$D20),"█","") | U20: =IF(AND($U$8>=$B20,$U$8<=$D20),"█","") | V20: =IF(AND($V$8>=$B20,$V$8<=$D20),"█","") | W20: =IF(AND($W$8>=$B20,$W$8<=$D20),"█","") | X20: =IF(AND($X$8>=$B20,$X$8<=$D20),"█","") | Y20: =IF(AND($Y$8>=$B20,$Y$8<=$D20),"█","") | Z20: =IF(AND($Z$8>=$B20,$Z$8<=$D20),"█","") | AA20: =IF(AND($AA$8>=$B20,$AA$8<=$D20),"█","") | AB20: =IF(AND($AB$8>=$B20,$AB$8<=$D20),"█","") -> █ | AC20: =IF(AND($AC$8>=$B20,$AC$8<=$D20),"█","") -> █ | AD20: =IF(AND($AD$8>=$B20,$AD$8<=$D20),"█","") -> █ | AE20: =IF(AND($AE$8>=$B20,$AE$8<=$D20),"█","") | AF20: =IF(AND($AF$8>=$B20,$AF$8<=$D20),"█","") | AG20: =IF(AND($AG$8>=$B20,$AG$8<=$D20),"█","")
A21: - Presentation Preparation | B21: =B20+5 -> 46135 | C21: 2 | D21: =D20+7 -> 46157 | E21: =D21-B21 -> 22 | F21: 0.1 | G21: Phase 3 | H21: Production | I21: Sechaba | J21: Low | K21: Not Started | L21: =F21 -> 0.1 | M21: Refined build (row 20) | N21: Peer + self evaluation forms | O21: All forms complete per course requirements | P21: Arc / Drive / Repo | Q21: 4 | R21: 0 | T21: =IF(AND($T$8>=$B21,$T$8<=$D21),"█","") | U21: =IF(AND($U$8>=$B21,$U$8<=$D21),"█","") | V21: =IF(AND($V$8>=$B21,$V$8<=$D21),"█","") | W21: =IF(AND($W$8>=$B21,$W$8<=$D21),"█","") | X21: =IF(AND($X$8>=$B21,$X$8<=$D21),"█","") | Y21: =IF(AND($Y$8>=$B21,$Y$8<=$D21),"█","") | Z21: =IF(AND($Z$8>=$B21,$Z$8<=$D21),"█","") | AA21: =IF(AND($AA$8>=$B21,$AA$8<=$D21),"█","") | AB21: =IF(AND($AB$8>=$B21,$AB$8<=$D21),"█","") -> █ | AC21: =IF(AND($AC$8>=$B21,$AC$8<=$D21),"█","") -> █ | AD21: =IF(AND($AD$8>=$B21,$AD$8<=$D21),"█","") -> █ | AE21: =IF(AND($AE$8>=$B21,$AE$8<=$D21),"█","") -> █ | AF21: =IF(AND($AF$8>=$B21,$AF$8<=$D21),"█","") | AG21: =IF(AND($AG$8>=$B21,$AG$8<=$D21),"█","")
A22: - Peer & Self-Evaluations | B22: =B21+5 -> 46140 | C22: 1 | D22: =D21+7 -> 46164 | E22: =D22-B22 -> 24 | F22: 0 | G22: Phase 3 | H22: QA | I22: Latita | J22: High | K22: Not Started | L22: =F22 -> 0 | M22: Presentation draft (row 21) | N22: Final PoE on Arc | O22: Upload confirmed; checklist 100% | P22: Arc / Drive / Repo | Q22: 4 | R22: 0 | T22: =IF(AND($T$8>=$B22,$T$8<=$D22),"█","") | U22: =IF(AND($U$8>=$B22,$U$8<=$D22),"█","") | V22: =IF(AND($V$8>=$B22,$V$8<=$D22),"█","") | W22: =IF(AND($W$8>=$B22,$W$8<=$D22),"█","") | X22: =IF(AND($X$8>=$B22,$X$8<=$D22),"█","") | Y22: =IF(AND($Y$8>=$B22,$Y$8<=$D22),"█","") | Z22: =IF(AND($Z$8>=$B22,$Z$8<=$D22),"█","") | AA22: =IF(AND($AA$8>=$B22,$AA$8<=$D22),"█","") | AB22: =IF(AND($AB$8>=$B22,$AB$8<=$D22),"█","") | AC22: =IF(AND($AC$8>=$B22,$AC$8<=$D22),"█","") -> █ | AD22: =IF(AND($AD$8>=$B22,$AD$8<=$D22),"█","") -> █ | AE22: =IF(AND($AE$8>=$B22,$AE$8<=$D22),"█","") -> █ | AF22: =IF(AND($AF$8>=$B22,$AF$8<=$D22),"█","") -> █ | AG22: =IF(AND($AG$8>=$B22,$AG$8<=$D22),"█","")
A23: - Final PoE Submission (on Arc) | B23: =B22+5 -> 46145 | C23: 2 | D23: =D22+7 -> 46171 | E23: =D23-B23 -> 26 | F23: 0 | G23: Phase 3 | H23: Documentation | I23: Sechaba | J23: Low | K23: Not Started | L23: =F23 -> 0 | M23: Evaluations (row 22) | P23: Arc / Drive / Repo | R23: 0 | T23: =IF(AND($T$8>=$B23,$T$8<=$D23),"█","") | U23: =IF(AND($U$8>=$B23,$U$8<=$D23),"█","") | V23: =IF(AND($V$8>=$B23,$V$8<=$D23),"█","") | W23: =IF(AND($W$8>=$B23,$W$8<=$D23),"█","") | X23: =IF(AND($X$8>=$B23,$X$8<=$D23),"█","") | Y23: =IF(AND($Y$8>=$B23,$Y$8<=$D23),"█","") | Z23: =IF(AND($Z$8>=$B23,$Z$8<=$D23),"█","") | AA23: =IF(AND($AA$8>=$B23,$AA$8<=$D23),"█","") | AB23: =IF(AND($AB$8>=$B23,$AB$8<=$D23),"█","") | AC23: =IF(AND($AC$8>=$B23,$AC$8<=$D23),"█","") | AD23: =IF(AND($AD$8>=$B23,$AD$8<=$D23),"█","") -> █ | AE23: =IF(AND($AE$8>=$B23,$AE$8<=$D23),"█","") -> █ | AF23: =IF(AND($AF$8>=$B23,$AF$8<=$D23),"█","") -> █ | AG23: =IF(AND($AG$8>=$B23,$AG$8<=$D23),"█","") -> █
A25: PROJECT TOTALS | F25: =AVERAGE(F10:F23) -> 0.60357143 | L25: =AVERAGE(L10:L23) -> 0.60357143 | Q25: =SUM(Q10:Q23) -> 232 | R25: =SUM(R10:R23) -> 156

Sheet Task Tracker
A1: DETAILED TASK BREAKDOWN — use for day-to-day sprint tracking
A3: ID | B3: Parent Task | C3: Subtask | D3: Phase | E3: Discipline | F3: Assignee | G3: Priority | H3: Status | I3: Start | J3: Due | K3: Est. Hrs | L3: Logged Hrs | M3: Remaining Hrs | N3: Definition of Done | O3: File / Link | P3: Blocked? | Q3: Blocker Detail | R3: Notes
A4: T1.1 | B4: Task 1 | C4: Competitive analysis (3 games) | D4: Phase 1 | E4: Research | F4: Latita | G4: High | H4: Complete | K4: 4 | L4: 4 | M4: =K4-L4 -> 0 | N4: Table comparing mechanics, audience, monetization | P4: No
A5: T1.2 | B5: Task 1 | C5: Player persona + problem statement | D5: Phase 1 | E5: Design | F5: Latita | G5: High | H5: Complete | K5: 3 | L5: 3 | M5: =K5-L5 -> 0 | N5: 1 primary persona; problem validated with research | P5: No
A6: T1.3 | B6: Task 1 | C6: Game concept A — one-pager | D6: Phase 1 | E6: Design | F6: Latita | G6: Critical | H6: Complete | K6: 4 | L6: 4 | M6: =K6-L6 -> 0 | N6: Hook, genre, core loop, USP, target platform | P6: No
A7: T1.4 | B7: Task 1 | C7: Game concept B — one-pager | D7: Phase 1 | E7: Design | F7: Latita | G7: Critical | H7: In Review | K7: 4 | L7: 4 | M7: =K7-L7 -> 0 | N7: Distinct from concept A; same template | P7: No
A8: T2.1 | B8: Task 2 | C8: Core loop diagram | D8: Phase 2 | E8: Design | F8: Latita | G8: Critical | H8: In Progress | K8: 6 | L8: 5 | M8: =K8-L8 -> 1 | N8: Mermaid or diagram: moment-to-moment + session loop | P8: No
A9: T2.2 | B9: Task 2 | C9: Mechanics spec (inputs, systems, balance) | D9: Phase 2 | E9: Design | F9: Latita | G9: High | H9: In Progress | K9: 12 | L9: 8 | M9: =K9-L9 -> 4 | N9: All verbs documented; tuning knobs listed | P9: No
A10: T2.3 | B10: Task 2 | C10: UI flow + wireframes | D10: Phase 2 | E10: UI/UX | F10: Latita | G10: High | H10: In Progress | K10: 10 | L10: 6 | M10: =K10-L10 -> 4 | N10: All screens; HUD; menus; failure states | P10: No
A11: T2.4 | B11: Task 2 | C11: Character design + turnaround | D11: Phase 2 | E11: Art | F11: Sandile | G11: Medium | H11: In Progress | K11: 8 | L11: 10 | M11: =K11-L11 -> -2 | N11: Front/side; color palette; export PNG/SVG | P11: No
A12: T2.5 | B12: Task 2 | C12: Environment / prop asset pass | D12: Phase 2 | E12: Art | F12: Sandile | G12: Medium | H12: In Progress | K12: 16 | L12: 8 | M12: =K12-L12 -> 8 | N12: Asset list 100% with filenames + folder structure | P12: No
A13: T3.1 | B13: Summative | C13: Greybox / prototype build | D13: Phase 3 | E13: Engineering | F13: Sufyaan | G13: Critical | H13: Blocked | K13: 24 | L13: 0 | M13: =K13-L13 -> 24 | N13: Core loop playable 5+ minutes | P13: Yes | Q13: Need approved GDD before greybox scope lock
A14: T3.2 | B14: Summative | C14: Playtest session #1 | D14: Phase 3 | E14: QA | F14: Latita | G14: High | H14: Not Started | K14: 3 | L14: 0 | M14: =K14-L14 -> 3 | N14: 3+ testers; notes in Playtest Log sheet | P14: No
A15: T3.3 | B15: Summative | C15: Bug triage + fix sprint | D15: Phase 3 | E15: Engineering | F15: Sufyaan | G15: High | H15: Not Started | K15: 12 | L15: 0 | M15: =K15-L15 -> 12 | N15: P0/P1 bugs closed or deferred with rationale | P15: No
A16: T3.4 | B16: Summative | C16: Presentation + demo rehearsal | D16: Phase 3 | E16: Production | F16: Sechaba | G16: High | H16: Not Started | K16: 6 | L16: 0 | M16: =K16-L16 -> 6 | N16: Dry run recorded; backup build ready | P16: No

Sheet Deliverables
A1: DELIVERABLES & MILESTONES
A3: ID | B3: Deliverable | C3: Type | D3: Phase | E3: Due Date | F3: Owner | G3: Reviewers | H3: Status | I3: % Done | J3: Submission Location | K3: Rubric / Criteria Met? | L3: Version | M3: Notes
A4: D-01 | B4: Task 1 Final Report | C4: Report | D4: Phase 1 | E4: ='Master Schedule'!D13 -> 46101 | F4: Sechaba | G4: Instructor | H4: Submitted | I4: 1 | J4: ='Project Setup'!B7 -> https://arc.yourschool.edu (PoE upload) | K4: No | L4: v1.0
A5: D-02 | B5: Game Design Document (GDD) | C5: Design Doc | D5: Phase 2 | F5: Latita | G5: Team Lead | H5: In Review | I5: 0.85 | J5: ='Project Setup'!B6 -> https://github.com/sufyaanAlbertus/Work_Integrated_Learning_OfficeTroll.git | K5: No | L5: v0.9 | M5: See Design Doc Tracker
A6: D-03 | B6: UI Mockup Package | C6: Art/Design | D6: Phase 2 | F6: Latita | H6: In Review | I6: 0.75 | J6: Figma — add link | K6: No | L6: v0.8
A7: D-04 | B7: Asset Package (characters, UI, audio) | C7: Art | D7: Phase 2 | F7: Sandile | H7: In Progress | I7: 0.7 | J7: ='Project Setup'!B6 -> https://github.com/sufyaanAlbertus/Work_Integrated_Learning_OfficeTroll.git | K7: No | L7: v0.7
A8: D-05 | B8: Task 2 Final Report | C8: Report | D8: Phase 2 | E8: ='Master Schedule'!D17 -> 46129 | F8: Sechaba | G8: Instructor | H8: Draft | I8: 0.5 | J8: ='Project Setup'!B7 -> https://arc.yourschool.edu (PoE upload) | K8: No | L8: v0.5
A9: D-06 | B9: Playable Prototype Build | C9: Build | D9: Phase 3 | E9: ='Master Schedule'!D18 -> 46136 | F9: Sufyaan | G9: Team | H9: In Progress | I9: 0.25 | J9: itch.io / build folder | K9: No | L9: v0.2
A10: D-07 | B10: Presentation Deck | C10: Presentation | D10: Phase 3 | E10: ='Master Schedule'!D20 -> 46150 | F10: Sechaba | G10: Class | H10: Not Started | I10: 0.05 | J10: Slides — add link | K10: No | L10: v0.1
A11: D-08 | B11: Final PoE Submission | C11: Submission | D11: Phase 3 | E11: ='Master Schedule'!D23 -> 46171 | F11: Sechaba | G11: Instructor | H11: Not Started | I11: 0 | J11: ='Project Setup'!B7 -> https://arc.yourschool.edu (PoE upload) | K11: No | L11: v0.0

Sheet Team & RACI
A1: TEAM ROSTER & RACI
A3: TEAM ROSTER
A4: Name | B4: Role | C4: Discipline | D4: Email / Contact | E4: Availability (hrs/wk) | F4: Primary Responsibilities
A5: Sechaba | B5: Project Lead | C5: Design / Production | D5: sechabamokoena10@gmail.com | E5: 10 | F5: Reports, milestones, presentations
A6: Latita | B6: Game Designer | C6: Design | D6: latita.mvunelo@gmail.com | E6: 12 | F6: GDD, mechanics, UI wireframes, playtests
A7: Sandile | B7: Artist | C7: Art | D7: sandiledube11@gmail.com | E7: 10 | F7: Characters, UI art, asset pipeline
A8: Sufyaan | B8: Programmer | C8: Engineering | D8: Sufyaan.albertus040@gmail.com | E8: 12 | F8: Prototype, builds, bug fixes
A11: RACI MATRIX (R=Responsible, A=Accountable, C=Consulted, I=Informed)
A12: Workstream | B12: Lead | C12: Designer | D12: Artist | E12: Programmer | F12: QA | G12: Instructor
A13: Research & ideation | B13: A | C13: R | D13: I | E13: I | F13: I | G13: C
A14: Core mechanics design | B14: A | C14: R | D14: C | E14: C | F14: I | G14: C
A15: UI/UX | B15: A | C15: R | D15: C | E15: C | F15: I | G15: I
A16: Art & assets | B16: A | C16: C | D16: R | E16: I | F16: I | G16: I
A17: Prototype build | B17: A | C17: C | D17: C | E17: R | F17: C | G17: I
A18: Playtesting | B18: A | C18: R | D18: I | E18: R | F18: R | G18: I
A19: Reports & submission | B19: A | C19: R | D19: I | E19: I | F19: C | G19: C

Sheet Design Doc Tracker
A1: GDD / DESIGN DOCUMENTATION TRACKER
A3: Section | B3: Required? | C3: Owner | D3: Status | E3: % Complete | F3: Last Updated | G3: Doc Link | H3: Review Notes
A4: Executive summary / elevator pitch | B4: Yes | C4: Sechaba | D4: Approved | E4: 1
A5: Design pillars & goals | B5: Yes | C5: Latita | D5: Approved | E5: 1
A6: Target audience & personas | B6: Yes | C6: Latita | D6: Approved | E6: 1
A7: Competitive analysis | B7: Yes | C7: Sufyaan | D7: Approved | E7: 1
A8: Core loop (moment + session) | B8: Yes | C8: Sufyaan | D8: In Review | E8: 0.9
A9: Mechanics & systems | B9: Yes | C9: Sufyaan | D9: In Review | E9: 0.85
A10: Controls / input map | B10: Yes | C10: Sufyaan | D10: Draft | E10: 0.5
A11: Progression & economy | B11: Optional | C11: Latita | D11: Draft | E11: 0.4
A12: Level / content design | B12: Optional | C12: Latita | D12: In Review | E12: 0.75
A13: UI/UX specification | B13: Yes | C13: Sandile | D13: Approved | E13: 1
A14: Art style guide & references | B14: Yes | C14: Sandile | D14: Not Started | E14: 0
A15: Audio direction | B15: Optional | C15: Latita | D15: Draft | E15: 0.3
... A19: Appendix: change log | B19: Yes | C19: Sechaba | D19: Not Started | E19: 0

Sheet Asset Pipeline
A1: ASSET PIPELINE
A3: Asset ID | B3: Name | C3: Category | D3: Spec (size/format) | E3: Assigned To | F3: Status | G3: Priority | H3: Due | I3: File Path / Link | J3: In Build? | K3: Review Status | L3: Notes
A4: A-001 | B4: Player character sprite | C4: Character | D4: 32x32 PNG | E4: Sandile | F4: Approved | G4: High | J4: Yes | K4: Approved
A5: A-002 | B5: Main menu background | C5: UI | D5: 1920x1080 | E5: Sufyaan | F5: Ready for Review | G5: Medium | J5: Yes | K5: Pending
A6: A-003 | B6: HUD elements kit | C6: UI | D6: Vector/SVG | E6: Sufyaan | F6: WIP | G6: High | J6: Partial | K6: Pending
A7: A-004 | B7: SFX — UI click | C7: Audio | D7: WAV 44.1kHz | E7: Sandile | F7: Not Started | G7: Low | J7: No | K7: Pending
A8: A-005 | B8: BGM loop — gameplay | C8: Audio | D8: OGG loop | E8: Sandile | F8: WIP | G8: Medium | J8: No | K8: Pending

Sheet Playtest Log
A1: PLAYTEST & QA LOG
A3: Session # | B3: Date | C3: Build Version | D3: Tester(s) | E3: Session Goal | F3: Method | G3: Findings (summary) | H3: Severity | I3: Action Item | J3: Owner | K3: Status | L3: Fixed In Build
A4: 1 | B4: 46122 | D4: Classmates (n=3) | E4: Core loop clarity | F4: Think-aloud | G4: 2/3 confused by objective marker | H4: UX | I4: Add HUD objective ping | J4: Sufyaan | K4: Fixed | L4: v0.15
A5: 2 | B5: 46160 | D5: QA + design (n=5) | E5: Difficulty curve | F5: Survey | G5: Boss too hard; avg 8 min session | H5: Balance | I5: Tune boss HP | J5: Latita | K5: In Progress
A6: 3 | B6: 46170 | D6: External (n=4) | E6: Onboarding + fun | F6: Remote | G6: Strong art; 1 quit before tutorial end | H6: Fun / Engagement | I6: Shorten tutorial | J6: Sechaba | K6: Open
A7: 4
A8: 5
A9: 6

Sheet Risks & Issues
A1: RISK & ISSUE REGISTER
A3: ID | B3: Type | C3: Description | D3: Impact | E3: Likelihood | F3: Score | G3: Mitigation | H3: Owner | I3: Status | J3: Date Raised | K3: Target Resolution
A4: R-01 | B4: Risk | C4: Scope too large for prototype deadline | D4: High | E4: Medium | F4: =IF(D4="High",3,IF(D4="Medium",2,1))*IF(E4="High",3,IF(E4="Medium",2,1)) -> 6 | G4: Cut optional mechanics; prioritize vertical slice | H4: Sechaba | I4: Monitoring | J4: 46096
A5: R-02 | B5: Risk | C5: Art pipeline bottleneck | D5: Medium | E5: High | F5: =IF(D5="High",3,IF(D5="Medium",2,1))*IF(E5="High",3,IF(E5="Medium",2,1)) -> 6 | G5: Use placeholder art early; lock style guide week 1 | H5: Sandile | I5: Mitigated | J5: 46101
A6: I-01 | B6: Issue | C6: Build fails on lab PCs — missing runtime | D6: High | E6: — | G6: Repro steps documented; assign programmer | H6: Sufyaan | I6: Open | J6: 46113 | K6: 46127

Sheet Meeting Notes
A1: MEETING & STANDUP NOTES
A3: Date | B3: Meeting Type | C3: Attendees | D3: Agenda | E3: Decisions | F3: Action Items | G3: Next Meeting
A4: 46224 | B4: Online | C4: Sufyaan,Latita,Sandile,Sechaba | D4: Nest playtest and what our game is missing | E4: Playtest at the next Rosebank game jam and collect feedback | G4: 46233
A5: 46245 | B5: Online | C5: Sechaba,Sufyaan ,Sandile | D5: Submission for phase 1&2 | E5: Take feedback from playtests and try implement changes | G5: 46260
